Gene stable ID,Gene stable ID version,Transcript stable ID,Transcript stable ID version,Gene name
ENSG00000001630,ENSG00000001630.18,ENST00000003100,ENST00000003100.13,CYP51A1
ENSG00000007255,ENSG00000007255.10,ENST00000006275,ENST00000006275.8,TRAPPC6A
ENSG00000008118,ENSG00000008118.10,ENST00000009105,ENST00000009105.5,CAMK1G
ENSG00000019582,ENSG00000019582.17,ENST00000009530,ENST00000009530.13,CD74
ENSG00000042813,ENSG00000042813.8,ENST00000046087,ENST00000046087.7,ZPBP
ENSG00000013275,ENSG00000013275.8,ENST00000157812,ENST00000157812.7,PSMC4
ENSG00000072818,ENSG00000072818.12,ENST00000158762,ENST00000158762.8,ACAP1
ENSG00000137764,ENSG00000137764.20,ENST00000178640,ENST00000178640.10,MAP2K5
ENSG00000010256,ENSG00000010256.11,ENST00000203407,ENST00000203407.6,UQCRC1
ENSG00000089639,ENSG00000089639.11,ENST00000203556,ENST00000203556.9,GMIP
ENSG00000089693,ENSG00000089693.11,ENST00000203630,ENST00000203630.10,MLF2
ENSG00000035403,ENSG00000035403.18,ENST00000211998,ENST00000211998.10,VCL
ENSG00000100307,ENSG00000100307.13,ENST00000216133,ENST00000216133.10,CBX7
ENSG00000129465,ENSG00000129465.16,ENST00000216274,ENST00000216274.10,RIPK3
ENSG00000100485,ENSG00000100485.12,ENST00000216373,ENST00000216373.10,SOS2
ENSG00000102218,ENSG00000102218.6,ENST00000218340,ENST00000218340.4,RP2
ENSG00000102931,ENSG00000102931.8,ENST00000219204,ENST00000219204.8,ARL2BP
ENSG00000102978,ENSG00000102978.13,ENST00000219252,ENST00000219252.10,POLR2C
ENSG00000102981,ENSG00000102981.10,ENST00000219255,ENST00000219255.3,PARD6A
ENSG00000103197,ENSG00000103197.19,ENST00000219476,ENST00000219476.9,TSC2
ENSG00000103202,ENSG00000103202.13,ENST00000219479,ENST00000219479.7,NME4
ENSG00000103653,ENSG00000103653.17,ENST00000220003,ENST00000220003.14,CSK
ENSG00000104671,ENSG00000104671.8,ENST00000221114,ENST00000221114.8,DCTN6
ENSG00000104695,ENSG00000104695.13,ENST00000221138,ENST00000221138.9,PPP2CB
ENSG00000105679,ENSG00000105679.9,ENST00000222286,ENST00000222286.9,GAPDHS
ENSG00000106080,ENSG00000106080.11,ENST00000222803,ENST00000222803.10,FKBP14
ENSG00000106299,ENSG00000106299.8,ENST00000223023,ENST00000223023.5,WASL
ENSG00000106344,ENSG00000106344.8,ENST00000223073,ENST00000223073.6,RBM28
ENSG00000106636,ENSG00000106636.9,ENST00000223369,ENST00000223369.3,YKT6
ENSG00000108518,ENSG00000108518.8,ENST00000225655,ENST00000225655.6,PFN1
ENSG00000112079,ENSG00000112079.9,ENST00000229812,ENST00000229812.8,STK38
ENSG00000114784,ENSG00000114784.4,ENST00000232905,ENST00000232905.4,EIF1B
ENSG00000114854,ENSG00000114854.8,ENST00000232975,ENST00000232975.8,TNNC1
ENSG00000115806,ENSG00000115806.13,ENST00000234160,ENST00000234160.5,GORASP2
ENSG00000115956,ENSG00000115956.10,ENST00000234313,ENST00000234313.8,PLEK
ENSG00000116095,ENSG00000116095.11,ENST00000234453,ENST00000234453.10,PLEKHA3
ENSG00000117533,ENSG00000117533.15,ENST00000236192,ENST00000236192.12,VAMP4
ENSG00000118017,ENSG00000118017.4,ENST00000236709,ENST00000236709.4,A4GNT
ENSG00000028839,ENSG00000028839.10,ENST00000237264,ENST00000237264.9,TBPL1
ENSG00000120318,ENSG00000120318.16,ENST00000239440,ENST00000239440.9,ARAP3
ENSG00000120526,ENSG00000120526.12,ENST00000239690,ENST00000239690.9,NUDCD1
ENSG00000120697,ENSG00000120697.10,ENST00000239891,ENST00000239891.4,ALG5
ENSG00000160145,ENSG00000160145.16,ENST00000240874,ENST00000240874.7,KALRN
ENSG00000122068,ENSG00000122068.13,ENST00000241502,ENST00000241502.9,FYTTD1
ENSG00000123570,ENSG00000123570.4,ENST00000243298,ENST00000243298.3,RAB9B
ENSG00000123685,ENSG00000123685.9,ENST00000243440,ENST00000243440.2,BATF3
ENSG00000124541,ENSG00000124541.7,ENST00000244496,ENST00000244496.6,RRP36
ENSG00000125868,ENSG00000125868.16,ENST00000246069,ENST00000246069.12,DSTN
ENSG00000127824,ENSG00000127824.15,ENST00000248437,ENST00000248437.9,TUBA4A
ENSG00000100055,ENSG00000100055.21,ENST00000248901,ENST00000248901.11,CYTH4
ENSG00000092531,ENSG00000092531.10,ENST00000249647,ENST00000249647.8,SNAP23
ENSG00000130758,ENSG00000130758.8,ENST00000253055,ENST00000253055.8,MAP3K10
ENSG00000131100,ENSG00000131100.13,ENST00000253413,ENST00000253413.10,ATP6V1E1
ENSG00000131368,ENSG00000131368.9,ENST00000253686,ENST00000253686.7,MRPS25
ENSG00000131558,ENSG00000131558.15,ENST00000253861,ENST00000253861.5,EXOC4
ENSG00000112983,ENSG00000112983.18,ENST00000254900,ENST00000254900.10,BRD8
ENSG00000132612,ENSG00000132612.16,ENST00000254950,ENST00000254950.13,VPS4A
ENSG00000132639,ENSG00000132639.15,ENST00000254976,ENST00000254976.7,SNAP25
ENSG00000132669,ENSG00000132669.14,ENST00000255006,ENST00000255006.12,RIN2
ENSG00000101104,ENSG00000101104.13,ENST00000255136,ENST00000255136.8,PABPC1L
ENSG00000132842,ENSG00000132842.15,ENST00000255194,ENST00000255194.11,AP3B1
ENSG00000134020,ENSG00000134020.8,ENST00000256404,ENST00000256404.8,PEBP4
ENSG00000134072,ENSG00000134072.11,ENST00000256460,ENST00000256460.8,CAMK1
ENSG00000134287,ENSG00000134287.10,ENST00000256682,ENST00000256682.9,ARF3
ENSG00000134444,ENSG00000134444.15,ENST00000256858,ENST00000256858.10,RELCH
ENSG00000135211,ENSG00000135211.6,ENST00000257663,ENST00000257663.4,TMEM60
ENSG00000135318,ENSG00000135318.12,ENST00000257770,ENST00000257770.8,NT5E
ENSG00000135446,ENSG00000135446.17,ENST00000257904,ENST00000257904.11,CDK4
ENSG00000135631,ENSG00000135631.17,ENST00000258098,ENST00000258098.6,RAB11FIP5
ENSG00000135823,ENSG00000135823.14,ENST00000258301,ENST00000258301.6,STX6
ENSG00000135974,ENSG00000135974.10,ENST00000258457,ENST00000258457.7,C2orf49
ENSG00000136240,ENSG00000136240.10,ENST00000258739,ENST00000258739.9,KDELR2
ENSG00000136381,ENSG00000136381.13,ENST00000258886,ENST00000258886.13,IREB2
ENSG00000136444,ENSG00000136444.10,ENST00000258955,ENST00000258955.7,RSAD1
ENSG00000136542,ENSG00000136542.9,ENST00000259056,ENST00000259056.5,GALNT5
ENSG00000137275,ENSG00000137275.16,ENST00000259808,ENST00000259808.9,RIPK1
ENSG00000138175,ENSG00000138175.9,ENST00000260746,ENST00000260746.6,ARL3
ENSG00000081014,ENSG00000081014.11,ENST00000261842,ENST00000261842.10,AP4E1
ENSG00000103769,ENSG00000103769.10,ENST00000261890,ENST00000261890.7,RAB11A
ENSG00000166986,ENSG00000166986.15,ENST00000262027,ENST00000262027.10,MARS1
ENSG00000066855,ENSG00000066855.16,ENST00000262146,ENST00000262146.9,MTFR1
ENSG00000105993,ENSG00000105993.15,ENST00000262177,ENST00000262177.9,DNAJB6
ENSG00000086598,ENSG00000086598.11,ENST00000262225,ENST00000262225.8,TMED2
ENSG00000121064,ENSG00000121064.13,ENST00000262288,ENST00000262288.8,SCPEP1
ENSG00000090565,ENSG00000090565.17,ENST00000262305,ENST00000262305.9,RAB11FIP3
ENSG00000023318,ENSG00000023318.9,ENST00000262455,ENST00000262455.7,ERP44
ENSG00000070761,ENSG00000070761.8,ENST00000262498,ENST00000262498.8,CFAP20
ENSG00000161016,ENSG00000161016.18,ENST00000262584,ENST00000262584.7,RPL8
ENSG00000241685,ENSG00000241685.10,ENST00000262942,ENST00000262942.10,ARPC1A
ENSG00000126934,ENSG00000126934.15,ENST00000262948,ENST00000262948.10,MAP2K2
ENSG00000065675,ENSG00000065675.16,ENST00000263125,ENST00000263125.10,PRKCQ
ENSG00000105559,ENSG00000105559.13,ENST00000263265,ENST00000263265.11,PLEKHA4
ENSG00000105402,ENSG00000105402.8,ENST00000263354,ENST00000263354.8,NAPA
ENSG00000115946,ENSG00000115946.8,ENST00000263657,ENST00000263657.7,PNO1
ENSG00000110048,ENSG00000110048.12,ENST00000263847,ENST00000263847.6,OSBP
ENSG00000115145,ENSG00000115145.10,ENST00000263904,ENST00000263904.5,STAM2
ENSG00000095139,ENSG00000095139.15,ENST00000264028,ENST00000264028.5,ARCN1
ENSG00000077232,ENSG00000077232.19,ENST00000264065,ENST00000264065.12,DNAJC10
ENSG00000108953,ENSG00000108953.17,ENST00000264335,ENST00000264335.13,YWHAE
ENSG00000114686,ENSG00000114686.9,ENST00000264995,ENST00000264995.8,MRPL3
ENSG00000075785,ENSG00000075785.14,ENST00000265062,ENST00000265062.8,RAB7A
ENSG00000104327,ENSG00000104327.7,ENST00000265431,ENST00000265431.7,CALB1
ENSG00000126432,ENSG00000126432.14,ENST00000265462,ENST00000265462.9,PRDX5
ENSG00000029534,ENSG00000029534.22,ENST00000265709,ENST00000265709.14,ANK1
ENSG00000106682,ENSG00000106682.16,ENST00000265753,ENST00000265753.13,EIF4H
ENSG00000088538,ENSG00000088538.13,ENST00000266037,ENST00000266037.10,DOCK3
ENSG00000119718,ENSG00000119718.11,ENST00000266126,ENST00000266126.10,EIF2B2
ENSG00000089159,ENSG00000089159.17,ENST00000267257,ENST00000267257.11,PXN
ENSG00000140263,ENSG00000140263.15,ENST00000267814,ENST00000267814.14,SORD
ENSG00000140463,ENSG00000140463.14,ENST00000268057,ENST00000268057.9,BBS4
ENSG00000140575,ENSG00000140575.13,ENST00000268182,ENST00000268182.10,IQGAP1
ENSG00000141314,ENSG00000141314.13,ENST00000269051,ENST00000269051.9,RHBDL3
ENSG00000141441,ENSG00000141441.16,ENST00000269209,ENST00000269209.7,GAREM1
ENSG00000269058,ENSG00000269058.6,ENST00000269881,ENST00000269881.8,CALR3
ENSG00000142168,ENSG00000142168.15,ENST00000270142,ENST00000270142.11,SOD1
ENSG00000142186,ENSG00000142186.18,ENST00000270176,ENST00000270176.10,SCYL1
ENSG00000143294,ENSG00000143294.15,ENST00000271526,ENST00000271526.9,PRCC
ENSG00000143554,ENSG00000143554.14,ENST00000271857,ENST00000271857.6,SLC27A3
ENSG00000143578,ENSG00000143578.16,ENST00000271889,ENST00000271889.8,CREB3L4
ENSG00000143952,ENSG00000143952.20,ENST00000272322,ENST00000272322.9,VPS54
ENSG00000144635,ENSG00000144635.9,ENST00000273130,ENST00000273130.9,DYNC1LI1
ENSG00000144840,ENSG00000144840.10,ENST00000273375,ENST00000273375.8,RABL3
ENSG00000145703,ENSG00000145703.17,ENST00000274364,ENST00000274364.11,IQGAP2
ENSG00000146005,ENSG00000146005.4,ENST00000274710,ENST00000274710.4,PSD2
ENSG00000146535,ENSG00000146535.14,ENST00000275364,ENST00000275364.8,GNA12
ENSG00000149792,ENSG00000149792.9,ENST00000279242,ENST00000279242.7,MRPL49
ENSG00000149923,ENSG00000149923.14,ENST00000279387,ENST00000279387.12,PPP4C
ENSG00000166800,ENSG00000166800.11,ENST00000280706,ENST00000280706.3,LDHAL6A
ENSG00000151150,ENSG00000151150.22,ENST00000280772,ENST00000280772.7,ANK3
ENSG00000151465,ENSG00000151465.14,ENST00000281141,ENST00000281141.9,CDC123
ENSG00000154917,ENSG00000154917.11,ENST00000285208,ENST00000285208.9,RAB6B
ENSG00000082516,ENSG00000082516.9,ENST00000285873,ENST00000285873.8,GEMIN5
ENSG00000156194,ENSG00000156194.19,ENST00000286719,ENST00000286719.12,PPEF2
ENSG00000156299,ENSG00000156299.15,ENST00000286827,ENST00000286827.7,TIAM1
ENSG00000106617,ENSG00000106617.16,ENST00000287878,ENST00000287878.9,PRKAG2
ENSG00000157827,ENSG00000157827.20,ENST00000288670,ENST00000288670.14,FMNL2
ENSG00000159251,ENSG00000159251.9,ENST00000290378,ENST00000290378.6,ACTC1
ENSG00000160447,ENSG00000160447.7,ENST00000291906,ENST00000291906.5,PKN3
ENSG00000005075,ENSG00000005075.16,ENST00000292614,ENST00000292614.10,POLR2J
ENSG00000161960,ENSG00000161960.16,ENST00000293831,ENST00000293831.13,EIF4A1
ENSG00000130158,ENSG00000130158.14,ENST00000294618,ENST00000294618.12,DOCK6
ENSG00000163093,ENSG00000163093.12,ENST00000295240,ENST00000295240.8,BBS5
ENSG00000153208,ENSG00000153208.19,ENST00000295408,ENST00000295408.9,MERTK
ENSG00000163902,ENSG00000163902.12,ENST00000296255,ENST00000296255.8,RPN1
ENSG00000164078,ENSG00000164078.14,ENST00000296474,ENST00000296474.8,MST1R
ENSG00000164463,ENSG00000164463.12,ENST00000296953,ENST00000296953.6,CREBRF
ENSG00000164896,ENSG00000164896.21,ENST00000297532,ENST00000297532.11,FASTK
ENSG00000165410,ENSG00000165410.15,ENST00000298159,ENST00000298159.11,CFL2
ENSG00000165458,ENSG00000165458.15,ENST00000298229,ENST00000298229.7,INPPL1
ENSG00000165699,ENSG00000165699.15,ENST00000298552,ENST00000298552.9,TSC1
ENSG00000069329,ENSG00000069329.19,ENST00000299138,ENST00000299138.12,VPS35
ENSG00000166557,ENSG00000166557.14,ENST00000299705,ENST00000299705.10,TMED3
ENSG00000166819,ENSG00000166819.12,ENST00000300055,ENST00000300055.10,PLIN1
ENSG00000166847,ENSG00000166847.10,ENST00000300087,ENST00000300087.7,DCTN5
ENSG00000166851,ENSG00000166851.15,ENST00000300093,ENST00000300093.9,PLK1
ENSG00000106351,ENSG00000106351.13,ENST00000300176,ENST00000300176.9,AGFG2
ENSG00000167202,ENSG00000167202.12,ENST00000300584,ENST00000300584.8,TBC1D2B
ENSG00000125686,ENSG00000125686.12,ENST00000300651,ENST00000300651.11,MED1
ENSG00000167461,ENSG00000167461.12,ENST00000300935,ENST00000300935.8,RAB8A
ENSG00000167524,ENSG00000167524.17,ENST00000301037,ENST00000301037.11,RSKR
ENSG00000090316,ENSG00000090316.16,ENST00000303400,ENST00000303400.9,MAEA
ENSG00000170515,ENSG00000170515.14,ENST00000303305,ENST00000303305.11,PA2G4
ENSG00000172288,ENSG00000172288.8,ENST00000306609,ENST00000306609.5,CDY1
ENSG00000172352,ENSG00000172352.5,ENST00000306882,ENST00000306882.4,CDY1B
ENSG00000186716,ENSG00000186716.21,ENST00000305877,ENST00000305877.13,BCR
ENSG00000081026,ENSG00000081026.19,ENST00000307546,ENST00000307546.14,MAGI3
ENSG00000064490,ENSG00000064490.14,ENST00000303088,ENST00000303088.9,RFXANK
ENSG00000172354,ENSG00000172354.10,ENST00000303210,ENST00000303210.9,GNB2
ENSG00000171132,ENSG00000171132.14,ENST00000306156,ENST00000306156.8,PRKCE
ENSG00000170759,ENSG00000170759.11,ENST00000302418,ENST00000302418.5,KIF5B
ENSG00000135968,ENSG00000135968.22,ENST00000309863,ENST00000309863.11,GCC2
ENSG00000175634,ENSG00000175634.15,ENST00000312629,ENST00000312629.10,RPS6KB2
ENSG00000175416,ENSG00000175416.16,ENST00000310418,ENST00000310418.9,CLTB
ENSG00000174705,ENSG00000174705.13,ENST00000311601,ENST00000311601.6,SH3PXD2B
ENSG00000174903,ENSG00000174903.16,ENST00000311481,ENST00000311481.11,RAB1B
ENSG00000175220,ENSG00000175220.12,ENST00000311956,ENST00000311956.9,ARHGAP1
ENSG00000172680,ENSG00000172680.1,ENST00000311923,ENST00000311923.1,MOS
ENSG00000174444,ENSG00000174444.15,ENST00000307961,ENST00000307961.11,RPL4
ENSG00000175582,ENSG00000175582.20,ENST00000310653,ENST00000310653.10,RAB6A
ENSG00000103365,ENSG00000103365.15,ENST00000309859,ENST00000309859.8,GGA2
ENSG00000068885,ENSG00000068885.15,ENST00000326448,ENST00000326448.12,IFT80
ENSG00000070756,ENSG00000070756.17,ENST00000318607,ENST00000318607.10,PABPC1
ENSG00000253729,ENSG00000253729.9,ENST00000314191,ENST00000314191.7,PRKDC
ENSG00000114745,ENSG00000114745.15,ENST00000319283,ENST00000319283.8,GORASP1
ENSG00000069345,ENSG00000069345.12,ENST00000317089,ENST00000317089.10,DNAJA2
ENSG00000101199,ENSG00000101199.13,ENST00000353546,ENST00000353546.7,ARFGAP1
ENSG00000078902,ENSG00000078902.16,ENST00000317204,ENST00000317204.11,TOLLIP
ENSG00000105976,ENSG00000105976.16,ENST00000318493,ENST00000318493.11,MET
ENSG00000174483,ENSG00000174483.20,ENST00000318312,ENST00000318312.12,BBS1
ENSG00000179562,ENSG00000179562.3,ENST00000321407,ENST00000321407.3,GCC1
ENSG00000148660,ENSG00000148660.22,ENST00000322680,ENST00000322680.7,CAMK2G
ENSG00000258947,ENSG00000258947.8,ENST00000315491,ENST00000315491.12,TUBB3
ENSG00000179218,ENSG00000179218.15,ENST00000316448,ENST00000316448.10,CALR
ENSG00000181856,ENSG00000181856.15,ENST00000317370,ENST00000317370.13,SLC2A4
ENSG00000176732,ENSG00000176732.7,ENST00000313213,ENST00000313213.5,PFN4
ENSG00000180233,ENSG00000180233.11,ENST00000323037,ENST00000323037.5,ZNRF2
ENSG00000163808,ENSG00000163808.17,ENST00000326047,ENST00000326047.9,KIF15
ENSG00000156011,ENSG00000156011.19,ENST00000327040,ENST00000327040.13,PSD3
ENSG00000221914,ENSG00000221914.11,ENST00000315985,ENST00000315985.7,PPP2R2A
ENSG00000162222,ENSG00000162222.14,ENST00000316461,ENST00000316461.9,TTC9C
ENSG00000177938,ENSG00000177938.5,ENST00000317658,ENST00000317658.5,CAPZA3
ENSG00000179387,ENSG00000179387.10,ENST00000323570,ENST00000323570.8,ELMOD2
ENSG00000156976,ENSG00000156976.17,ENST00000323963,ENST00000323963.10,EIF4A2
ENSG00000164068,ENSG00000164068.16,ENST00000327697,ENST00000327697.11,RNF123
ENSG00000184432,ENSG00000184432.11,ENST00000333188,ENST00000333188.10,COPB2
ENSG00000105438,ENSG00000105438.9,ENST00000330720,ENST00000330720.7,KDELR1
ENSG00000183054,ENSG00000183054.13,ENST00000329516,ENST00000329516.8,RGPD6
ENSG00000156675,ENSG00000156675.16,ENST00000330843,ENST00000330843.9,RAB11FIP1
ENSG00000163932,ENSG00000163932.16,ENST00000330452,ENST00000330452.8,PRKCD
ENSG00000183617,ENSG00000183617.5,ENST00000330133,ENST00000330133.5,MRPL54
ENSG00000254772,ENSG00000254772.10,ENST00000329251,ENST00000329251.5,EEF1G
ENSG00000174010,ENSG00000174010.10,ENST00000328046,ENST00000328046.8,KLHL15
ENSG00000187003,ENSG00000187003.7,ENST00000333999,ENST00000333999.5,ACTL7A
ENSG00000080824,ENSG00000080824.19,ENST00000334701,ENST00000334701.11,HSP90AA1
ENSG00000161791,ENSG00000161791.14,ENST00000335154,ENST00000335154.10,FMNL3
ENSG00000076928,ENSG00000076928.20,ENST00000337665,ENST00000337665.8,ARHGEF1
ENSG00000177595,ENSG00000177595.19,ENST00000347755,ENST00000347755.10,PIDD1
ENSG00000135924,ENSG00000135924.17,ENST00000336576,ENST00000336576.10,DNAJB2
ENSG00000107140,ENSG00000107140.17,ENST00000336395,ENST00000336395.6,TESK1
ENSG00000157823,ENSG00000157823.17,ENST00000336418,ENST00000336418.9,AP3S2
ENSG00000101310,ENSG00000101310.17,ENST00000336714,ENST00000336714.8,SEC23B
ENSG00000068831,ENSG00000068831.19,ENST00000354024,ENST00000354024.7,RASGRP2
ENSG00000156508,ENSG00000156508.19,ENST00000316292,ENST00000316292.13,EEF1A1
ENSG00000138698,ENSG00000138698.15,ENST00000339360,ENST00000339360.9,RAP1GDS1
ENSG00000163947,ENSG00000163947.12,ENST00000338458,ENST00000338458.8,ARHGEF3
ENSG00000140988,ENSG00000140988.16,ENST00000343262,ENST00000343262.9,RPS2
ENSG00000107175,ENSG00000107175.12,ENST00000353704,ENST00000353704.3,CREB3
ENSG00000171219,ENSG00000171219.9,ENST00000342711,ENST00000342711.6,CDC42BPG
ENSG00000101558,ENSG00000101558.14,ENST00000340541,ENST00000340541.4,VAPA
ENSG00000137818,ENSG00000137818.12,ENST00000260379,ENST00000260379.11,RPLP1
ENSG00000105379,ENSG00000105379.10,ENST00000354232,ENST00000354232.8,ETFB
ENSG00000115414,ENSG00000115414.21,ENST00000354785,ENST00000354785.11,FN1
ENSG00000198336,ENSG00000198336.9,ENST00000354968,ENST00000354968.5,MYL4
ENSG00000173848,ENSG00000173848.19,ENST00000355029,ENST00000355029.9,NET1
ENSG00000161944,ENSG00000161944.17,ENST00000355035,ENST00000355035.9,ASGR2
ENSG00000198399,ENSG00000198399.16,ENST00000355123,ENST00000355123.9,ITSN2
ENSG00000139436,ENSG00000139436.22,ENST00000355312,ENST00000355312.8,GIT2
ENSG00000107957,ENSG00000107957.17,ENST00000355946,ENST00000355946.7,SH3PXD2A
ENSG00000136238,ENSG00000136238.20,ENST00000356142,ENST00000356142.4,RAC1
ENSG00000142655,ENSG00000142655.13,ENST00000356607,ENST00000356607.9,PEX14
ENSG00000169045,ENSG00000169045.19,ENST00000356731,ENST00000356731.9,HNRNPH1
ENSG00000144674,ENSG00000144674.19,ENST00000356847,ENST00000356847.8,GOLGA4
ENSG00000196277,ENSG00000196277.17,ENST00000357716,ENST00000357716.9,GRM7
ENSG00000196411,ENSG00000196411.10,ENST00000358173,ENST00000358173.8,EPHB4
ENSG00000196712,ENSG00000196712.20,ENST00000358273,ENST00000358273.9,NF1
ENSG00000213390,ENSG00000213390.11,ENST00000358531,ENST00000358531.9,ARHGAP19
ENSG00000196363,ENSG00000196363.10,ENST00000358625,ENST00000358625.4,WDR5
ENSG00000196961,ENSG00000196961.13,ENST00000359032,ENST00000359032.10,AP2A1
ENSG00000133083,ENSG00000133083.15,ENST00000360631,ENST00000360631.8,DCLK1
ENSG00000183856,ENSG00000183856.11,ENST00000361170,ENST00000361170.7,IQGAP3
ENSG00000143409,ENSG00000143409.17,ENST00000361738,ENST00000361738.12,MINDY1
ENSG00000139116,ENSG00000139116.19,ENST00000361418,ENST00000361418.10,KIF21A
ENSG00000198909,ENSG00000198909.8,ENST00000361357,ENST00000361357.7,MAP3K3
ENSG00000198898,ENSG00000198898.16,ENST00000361183,ENST00000361183.8,CAPZA2
ENSG00000175137,ENSG00000175137.11,ENST00000366472,ENST00000366472.6,SH3BP5L
ENSG00000168118,ENSG00000168118.12,ENST00000366690,ENST00000366690.5,RAB4A
ENSG00000143774,ENSG00000143774.18,ENST00000366728,ENST00000366728.6,GUK1
ENSG00000117650,ENSG00000117650.13,ENST00000366999,ENST00000366999.9,NEK2
ENSG00000076356,ENSG00000076356.7,ENST00000367033,ENST00000367033.4,PLXNA2
ENSG00000116191,ENSG00000116191.19,ENST00000367635,ENST00000367635.8,RALGPS2
ENSG00000143198,ENSG00000143198.13,ENST00000367889,ENST00000367889.8,MGST3
ENSG00000081721,ENSG00000081721.12,ENST00000367943,ENST00000367943.5,DUSP12
ENSG00000122218,ENSG00000122218.17,ENST00000368069,ENST00000368069.7,COPA
ENSG00000027644,ENSG00000027644.5,ENST00000368195,ENST00000368195.4,INSRR
ENSG00000160789,ENSG00000160789.24,ENST00000368300,ENST00000368300.9,LMNA
ENSG00000180745,ENSG00000180745.5,ENST00000368671,ENST00000368671.4,CLRN3
ENSG00000213171,ENSG00000213171.3,ENST00000368820,ENST00000368820.4,LINGO4
ENSG00000065154,ENSG00000065154.12,ENST00000368845,ENST00000368845.6,OAT
ENSG00000107651,ENSG00000107651.15,ENST00000369075,ENST00000369075.8,SEC23IP
ENSG00000130827,ENSG00000130827.6,ENST00000369682,ENST00000369682.4,PLXNA3
ENSG00000116473,ENSG00000116473.15,ENST00000369709,ENST00000369709.4,RAP1A
ENSG00000184216,ENSG00000184216.15,ENST00000369980,ENST00000369980.8,IRAK1
ENSG00000147400,ENSG00000147400.10,ENST00000370277,ENST00000370277.5,CETN2
ENSG00000160131,ENSG00000160131.14,ENST00000370361,ENST00000370361.5,VMA21
ENSG00000213341,ENSG00000213341.11,ENST00000370397,ENST00000370397.8,CHUK
ENSG00000203933,ENSG00000203933.3,ENST00000370540,ENST00000370540.2,CXorf66
ENSG00000116675,ENSG00000116675.16,ENST00000371069,ENST00000371069.5,DNAJC6
ENSG00000096401,ENSG00000096401.8,ENST00000371477,ENST00000371477.4,CDC5L
ENSG00000077721,ENSG00000077721.17,ENST00000371558,ENST00000371558.7,UBE2A
ENSG00000198841,ENSG00000198841.4,ENST00000371614,ENST00000371614.2,KTI12
ENSG00000138182,ENSG00000138182.15,ENST00000371728,ENST00000371728.8,KIF20B
ENSG00000160293,ENSG00000160293.17,ENST00000371850,ENST00000371850.8,VAV2
ENSG00000124214,ENSG00000124214.21,ENST00000371856,ENST00000371856.7,STAU1
ENSG00000148602,ENSG00000148602.6,ENST00000372105,ENST00000372105.4,LRIT1
ENSG00000096080,ENSG00000096080.12,ENST00000372133,ENST00000372133.8,MRPS18A
ENSG00000107263,ENSG00000107263.19,ENST00000372190,ENST00000372190.8,RAPGEF1
ENSG00000173846,ENSG00000173846.13,ENST00000372201,ENST00000372201.5,PLK3
ENSG00000142945,ENSG00000142945.13,ENST00000372224,ENST00000372224.9,KIF2C
ENSG00000107130,ENSG00000107130.10,ENST00000372398,ENST00000372398.6,NCS1
ENSG00000165637,ENSG00000165637.14,ENST00000313132,ENST00000313132.8,VDAC2
ENSG00000084070,ENSG00000084070.12,ENST00000372718,ENST00000372718.8,SMAP2
ENSG00000025772,ENSG00000025772.8,ENST00000372813,ENST00000372813.4,TOMM34
ENSG00000126947,ENSG00000126947.13,ENST00000372829,ENST00000372829.8,ARMCX1
ENSG00000182180,ENSG00000182180.14,ENST00000372945,ENST00000372945.8,MRPS16
ENSG00000196090,ENSG00000196090.14,ENST00000373198,ENST00000373198.8,PTPRT
ENSG00000121905,ENSG00000121905.10,ENST00000373467,ENST00000373467.4,HPCA
ENSG00000136935,ENSG00000136935.14,ENST00000373555,ENST00000373555.9,GOLGA1
ENSG00000119522,ENSG00000119522.18,ENST00000373624,ENST00000373624.6,DENND1A
ENSG00000137409,ENSG00000137409.21,ENST00000373627,ENST00000373627.10,MTCH1
ENSG00000148225,ENSG00000148225.17,ENST00000374193,ENST00000374193.9,WDR31
ENSG00000090889,ENSG00000090889.12,ENST00000374403,ENST00000374403.4,KIF4A
ENSG00000011009,ENSG00000011009.11,ENST00000374514,ENST00000374514.8,LYPLA2
ENSG00000070061,ENSG00000070061.16,ENST00000374647,ENST00000374647.10,ELP1
ENSG00000204315,ENSG00000204315.4,ENST00000375156,ENST00000375156.4,FKBPL
ENSG00000091436,ENSG00000091436.17,ENST00000375213,ENST00000375213.8,MAP3K20
ENSG00000160584,ENSG00000160584.17,ENST00000375300,ENST00000375300.6,SIK3
ENSG00000117148,ENSG00000117148.8,ENST00000375406,ENST00000375406.2,ACTL8
ENSG00000139835,ENSG00000139835.14,ENST00000375430,ENST00000375430.8,GRTP1
ENSG00000165025,ENSG00000165025.15,ENST00000375746,ENST00000375746.1,SYK
ENSG00000101336,ENSG00000101336.18,ENST00000375852,ENST00000375852.5,HCK
ENSG00000101306,ENSG00000101306.11,ENST00000375994,ENST00000375994.6,MYLK2
ENSG00000135069,ENSG00000135069.14,ENST00000376588,ENST00000376588.4,PSAT1
ENSG00000015285,ENSG00000015285.12,ENST00000376701,ENST00000376701.5,WAS
ENSG00000165300,ENSG00000165300.8,ENST00000325089,ENST00000325089.7,SLITRK5
ENSG00000079689,ENSG00000079689.15,ENST00000377961,ENST00000377961.3,SCGN
ENSG00000138071,ENSG00000138071.15,ENST00000377982,ENST00000377982.8,ACTR2
ENSG00000169717,ENSG00000169717.7,ENST00000378404,ENST00000378404.4,ACTRT2
ENSG00000105193,ENSG00000105193.9,ENST00000339471,ENST00000339471.8,RPS16
ENSG00000119787,ENSG00000119787.14,ENST00000378954,ENST00000378954.9,ATL2
ENSG00000205279,ENSG00000205279.9,ENST00000379445,ENST00000379445.8,CTXN3
ENSG00000101222,ENSG00000101222.12,ENST00000379756,ENST00000379756.3,SPEF1
ENSG00000086061,ENSG00000086061.16,ENST00000330899,ENST00000330899.5,DNAJA1
ENSG00000164292,ENSG00000164292.13,ENST00000379982,ENST00000379982.8,RHOBTB3
ENSG00000058091,ENSG00000058091.17,ENST00000380050,ENST00000380050.8,CDK14
ENSG00000120159,ENSG00000120159.13,ENST00000333916,ENST00000333916.8,CAAP1
ENSG00000178462,ENSG00000178462.12,ENST00000380419,ENST00000380419.8,TUBAL3
ENSG00000215305,ENSG00000215305.10,ENST00000380445,ENST00000380445.8,VPS16
ENSG00000145741,ENSG00000145741.17,ENST00000380591,ENST00000380591.8,BTF3
ENSG00000049883,ENSG00000049883.15,ENST00000380639,ENST00000380639.10,PTCD2
ENSG00000090989,ENSG00000090989.18,ENST00000381295,ENST00000381295.7,EXOC1
ENSG00000205726,ENSG00000205726.15,ENST00000381318,ENST00000381318.8,ITSN1
ENSG00000140382,ENSG00000140382.15,ENST00000381714,ENST00000381714.7,HMG20A
ENSG00000100083,ENSG00000100083.19,ENST00000381756,ENST00000381756.9,GGA1
ENSG00000147853,ENSG00000147853.17,ENST00000381809,ENST00000381809.8,AK3
ENSG00000134308,ENSG00000134308.14,ENST00000381844,ENST00000381844.8,YWHAQ
ENSG00000109610,ENSG00000109610.6,ENST00000382120,ENST00000382120.4,SOD3
ENSG00000183765,ENSG00000183765.24,ENST00000382580,ENST00000382580.6,CHEK2
ENSG00000163618,ENSG00000163618.18,ENST00000383710,ENST00000383710.9,CADPS
ENSG00000112651,ENSG00000112651.12,ENST00000388752,ENST00000388752.8,MRPL2
ENSG00000211455,ENSG00000211455.8,ENST00000389032,ENST00000389032.8,STK38L
ENSG00000103978,ENSG00000103978.17,ENST00000389834,ENST00000389834.9,TMEM87A
ENSG00000212710,ENSG00000212710.5,ENST00000391403,ENST00000391403.4,CTAGE1
ENSG00000079156,ENSG00000079156.17,ENST00000392505,ENST00000392505.6,OSBPL6
ENSG00000177885,ENSG00000177885.15,ENST00000392562,ENST00000392562.5,GRB2
ENSG00000112290,ENSG00000112290.13,ENST00000392588,ENST00000392588.5,WASF1
ENSG00000151532,ENSG00000151532.15,ENST00000393077,ENST00000393077.3,VTI1A
ENSG00000166747,ENSG00000166747.13,ENST00000393512,ENST00000393512.7,AP1G1
ENSG00000169379,ENSG00000169379.17,ENST00000394222,ENST00000394222.8,ARL13B
ENSG00000186867,ENSG00000186867.11,ENST00000394427,ENST00000394427.3,QRFPR
ENSG00000167994,ENSG00000167994.13,ENST00000394836,ENST00000394836.7,RAB3IL1
ENSG00000138814,ENSG00000138814.17,ENST00000394854,ENST00000394854.8,PPP3CA
ENSG00000108262,ENSG00000108262.16,ENST00000394869,ENST00000394869.7,GIT1
ENSG00000169375,ENSG00000169375.17,ENST00000394947,ENST00000394947.8,SIN3A
ENSG00000100592,ENSG00000100592.16,ENST00000395125,ENST00000395125.1,DAAM1
ENSG00000099840,ENSG00000099840.14,ENST00000395301,ENST00000395301.8,IZUMO4
ENSG00000138674,ENSG00000138674.17,ENST00000395310,ENST00000395310.7,SEC31A
ENSG00000213639,ENSG00000213639.11,ENST00000395366,ENST00000395366.3,PPP1CB
ENSG00000164924,ENSG00000164924.18,ENST00000395957,ENST00000395957.6,YWHAZ
ENSG00000111640,ENSG00000111640.15,ENST00000396861,ENST00000396861.5,GAPDH
ENSG00000077380,ENSG00000077380.16,ENST00000397119,ENST00000397119.8,DYNC1I2
ENSG00000100365,ENSG00000100365.16,ENST00000397147,ENST00000397147.7,NCF4
ENSG00000152611,ENSG00000152611.12,ENST00000397367,ENST00000397367.6,CAPSL
ENSG00000120899,ENSG00000120899.18,ENST00000397501,ENST00000397501.5,PTK2B
ENSG00000153046,ENSG00000153046.18,ENST00000397588,ENST00000397588.8,CDYL
ENSG00000129472,ENSG00000129472.15,ENST00000397762,ENST00000397762.6,RAB2B
ENSG00000154928,ENSG00000154928.19,ENST00000398015,ENST00000398015.8,EPHB1
ENSG00000155974,ENSG00000155974.14,ENST00000398016,ENST00000398016.7,GRIP1
ENSG00000073969,ENSG00000073969.19,ENST00000398238,ENST00000398238.8,NSF
ENSG00000214415,ENSG00000214415.4,ENST00000398291,ENST00000398291.4,GNAT3
ENSG00000157601,ENSG00000157601.15,ENST00000398600,ENST00000398600.6,MX1
ENSG00000119471,ENSG00000119471.15,ENST00000398805,ENST00000398805.8,HSDL2
ENSG00000146122,ENSG00000146122.17,ENST00000398904,ENST00000398904.6,DAAM2
ENSG00000243927,ENSG00000243927.6,ENST00000399312,ENST00000399312.3,MRPS6
ENSG00000095015,ENSG00000095015.6,ENST00000399503,ENST00000399503.4,MAP3K1
ENSG00000067900,ENSG00000067900.9,ENST00000399799,ENST00000399799.3,ROCK1
ENSG00000215375,ENSG00000215375.7,ENST00000400159,ENST00000400159.7,MYL5
ENSG00000113163,ENSG00000113163.19,ENST00000405807,ENST00000405807.10,CERT1
ENSG00000157833,ENSG00000157833.13,ENST00000401533,ENST00000401533.7,GAREM2
ENSG00000115904,ENSG00000115904.15,ENST00000402219,ENST00000402219.8,SOS1
ENSG00000218823,ENSG00000218823.2,ENST00000404991,ENST00000404991.2,PAPOLB
ENSG00000068796,ENSG00000068796.19,ENST00000407818,ENST00000407818.8,KIF2A
ENSG00000152700,ENSG00000152700.14,ENST00000402673,ENST00000402673.7,SAR1B
ENSG00000152689,ENSG00000152689.18,ENST00000402538,ENST00000402538.7,RASGRP3
ENSG00000115459,ENSG00000115459.18,ENST00000409344,ENST00000409344.7,ELMOD3
ENSG00000155755,ENSG00000155755.20,ENST00000409883,ENST00000409883.7,TMEM237
ENSG00000152291,ENSG00000152291.15,ENST00000409232,ENST00000409232.7,TGOLN2
ENSG00000153165,ENSG00000153165.19,ENST00000409886,ENST00000409886.4,RGPD3
ENSG00000196604,ENSG00000196604.13,ENST00000409914,ENST00000409914.7,POTEF
ENSG00000163017,ENSG00000163017.14,ENST00000409624,ENST00000409624.1,ACTG2
ENSG00000222014,ENSG00000222014.6,ENST00000410061,ENST00000410061.4,RAB6C
ENSG00000036565,ENSG00000036565.15,ENST00000440926,ENST00000440926.3,SLC18A1
ENSG00000226650,ENSG00000226650.6,ENST00000435029,ENST00000435029.6,KIF4B
ENSG00000221983,ENSG00000221983.8,ENST00000442744,ENST00000442744.7,UBA52
ENSG00000241553,ENSG00000241553.13,ENST00000433034,ENST00000433034.1,ARPC4
ENSG00000072958,ENSG00000072958.9,ENST00000444449,ENST00000444449.6,AP1M1
ENSG00000108669,ENSG00000108669.18,ENST00000446868,ENST00000446868.8,CYTH1
ENSG00000198242,ENSG00000198242.14,ENST00000422514,ENST00000422514.7,RPL23A
ENSG00000139644,ENSG00000139644.13,ENST00000423828,ENST00000423828.5,TMBIM6
ENSG00000168028,ENSG00000168028.15,ENST00000443003,ENST00000443003.2,RPSA
ENSG00000143569,ENSG00000143569.20,ENST00000428931,ENST00000428931.6,UBAP2L
ENSG00000119414,ENSG00000119414.12,ENST00000451402,ENST00000451402.5,PPP6C
ENSG00000185825,ENSG00000185825.17,ENST00000458587,ENST00000458587.8,BCAP31
ENSG00000188234,ENSG00000188234.15,ENST00000448048,ENST00000448048.7,AGAP4
ENSG00000196834,ENSG00000196834.14,ENST00000451531,ENST00000451531.7,POTEI
ENSG00000231500,ENSG00000231500.7,ENST00000439602,ENST00000439602.7,RPS18
ENSG00000100360,ENSG00000100360.15,ENST00000433985,ENST00000433985.7,IFT27
ENSG00000133103,ENSG00000133103.17,ENST00000455146,ENST00000455146.8,COG6
ENSG00000106086,ENSG00000106086.21,ENST00000449726,ENST00000449726.6,PLEKHA8
ENSG00000104522,ENSG00000104522.16,ENST00000425753,ENST00000425753.7,GFUS
ENSG00000099901,ENSG00000099901.18,ENST00000430524,ENST00000430524.6,RANBP1
ENSG00000132155,ENSG00000132155.14,ENST00000442415,ENST00000442415.7,RAF1
ENSG00000157106,ENSG00000157106.18,ENST00000446231,ENST00000446231.7,SMG1
ENSG00000134970,ENSG00000134970.14,ENST00000456936,ENST00000456936.4,TMED7
ENSG00000175203,ENSG00000175203.17,ENST00000434715,ENST00000434715.7,DCTN2
ENSG00000223501,ENSG00000223501.9,ENST00000445902,ENST00000445902.3,VPS52
ENSG00000114480,ENSG00000114480.13,ENST00000429644,ENST00000429644.7,GBE1
ENSG00000161204,ENSG00000161204.12,ENST00000429586,ENST00000429586.7,ABCF3
ENSG00000116852,ENSG00000116852.15,ENST00000422435,ENST00000422435.2,KIF21B
ENSG00000079150,ENSG00000079150.19,ENST00000424785,ENST00000424785.7,FKBP7
ENSG00000100284,ENSG00000100284.22,ENST00000411850,ENST00000411850.5,TOM1
ENSG00000167110,ENSG00000167110.19,ENST00000421699,ENST00000421699.8,GOLGA2
ENSG00000111361,ENSG00000111361.13,ENST00000424014,ENST00000424014.7,EIF2B1
ENSG00000130413,ENSG00000130413.16,ENST00000447869,ENST00000447869.5,STK33
ENSG00000128524,ENSG00000128524.5,ENST00000492758,ENST00000492758.1,ATP6V1F
ENSG00000163636,ENSG00000163636.11,ENST00000492933,ENST00000492933.5,PSMD6
ENSG00000164076,ENSG00000164076.17,ENST00000477224,ENST00000477224.6,CAMKV
ENSG00000163602,ENSG00000163602.12,ENST00000477973,ENST00000477973.5,RYBP
ENSG00000125691,ENSG00000125691.14,ENST00000479035,ENST00000479035.7,RPL23
ENSG00000171421,ENSG00000171421.13,ENST00000508987,ENST00000508987.1,MRPL36
ENSG00000186010,ENSG00000186010.19,ENST00000507754,ENST00000507754.9,NDUFA13
ENSG00000249581,ENSG00000249581.2,ENST00000511148,ENST00000511148.2,CLRN2
ENSG00000204628,ENSG00000204628.12,ENST00000512805,ENST00000512805.6,RACK1
ENSG00000137460,ENSG00000137460.10,ENST00000511601,ENST00000511601.6,FHDC1
ENSG00000168078,ENSG00000168078.10,ENST00000522944,ENST00000522944.5,PBK
ENSG00000105339,ENSG00000105339.11,ENST00000519811,ENST00000519811.6,DENND3
ENSG00000115211,ENSG00000115211.17,ENST00000493344,ENST00000493344.6,EIF2B4
ENSG00000008988,ENSG00000008988.11,ENST00000519807,ENST00000519807.5,RPS20
ENSG00000101977,ENSG00000101977.22,ENST00000519895,ENST00000519895.6,MCF2
ENSG00000187091,ENSG00000187091.14,ENST00000463876,ENST00000463876.5,PLCD1
ENSG00000172757,ENSG00000172757.13,ENST00000525451,ENST00000525451.6,CFL1
ENSG00000139998,ENSG00000139998.16,ENST00000533601,ENST00000533601.7,RAB15
ENSG00000110660,ENSG00000110660.15,ENST00000525815,ENST00000525815.6,SLC35F2
ENSG00000196535,ENSG00000196535.20,ENST00000527372,ENST00000527372.7,MYO18A
ENSG00000130294,ENSG00000130294.18,ENST00000498729,ENST00000498729.9,KIF1A
ENSG00000167552,ENSG00000167552.15,ENST00000295766,ENST00000295766.9,TUBA1A
ENSG00000198753,ENSG00000198753.12,ENST00000538966,ENST00000538966.5,PLXNB3
ENSG00000111843,ENSG00000111843.14,ENST00000541412,ENST00000541412.5,TMEM14C
ENSG00000203859,ENSG00000203859.10,ENST00000543831,ENST00000543831.5,HSD3B2
ENSG00000178401,ENSG00000178401.16,ENST00000549441,ENST00000549441.7,DNAJC22
ENSG00000092841,ENSG00000092841.19,ENST00000550697,ENST00000550697.6,MYL6
ENSG00000127328,ENSG00000127328.22,ENST00000550536,ENST00000550536.5,RAB3IP
ENSG00000135439,ENSG00000135439.12,ENST00000547588,ENST00000547588.6,AGAP2
ENSG00000198211,ENSG00000198211.8,ENST00000556922,ENST00000556922.1,
ENSG00000261456,ENSG00000261456.6,ENST00000568584,ENST00000568584.6,TUBB8
ENSG00000167515,ENSG00000167515.11,ENST00000568583,ENST00000568583.5,TRAPPC2L
ENSG00000186260,ENSG00000186260.17,ENST00000571589,ENST00000571589.6,MRTFB
ENSG00000108433,ENSG00000108433.17,ENST00000573224,ENST00000573224.2,GOSR2
ENSG00000176105,ENSG00000176105.14,ENST00000584307,ENST00000584307.5,YES1
ENSG00000118680,ENSG00000118680.14,ENST00000581193,ENST00000581193.5,MYL12B
ENSG00000265681,ENSG00000265681.8,ENST00000579408,ENST00000579408.5,RPL17
ENSG00000141522,ENSG00000141522.12,ENST00000584461,ENST00000584461.5,ARHGDIA
ENSG00000130175,ENSG00000130175.10,ENST00000592741,ENST00000592741.5,PRKCSH
ENSG00000105669,ENSG00000105669.14,ENST00000600932,ENST00000600932.5,COPE
ENSG00000099331,ENSG00000099331.14,ENST00000595618,ENST00000595618.5,MYO9B
ENSG00000083845,ENSG00000083845.9,ENST00000596046,ENST00000596046.1,RPS5
ENSG00000157916,ENSG00000157916.20,ENST00000605895,ENST00000605895.6,RER1
ENSG00000277443,ENSG00000277443.3,ENST00000612661,ENST00000612661.2,MARCKS
ENSG00000136997,ENSG00000136997.22,ENST00000621592,ENST00000621592.8,MYC
ENSG00000248905,ENSG00000248905.10,ENST00000616417,ENST00000616417.5,FMN1
ENSG00000213047,ENSG00000213047.13,ENST00000620048,ENST00000620048.6,DENND1B
ENSG00000144711,ENSG00000144711.17,ENST00000613206,ENST00000613206.2,IQSEC1
ENSG00000054116,ENSG00000054116.12,ENST00000616395,ENST00000616395.4,TRAPPC3
ENSG00000274523,ENSG00000274523.5,ENST00000610322,ENST00000610322.5,RCC1L
ENSG00000005243,ENSG00000005243.10,ENST00000621465,ENST00000621465.5,COPZ2
ENSG00000160695,ENSG00000160695.16,ENST00000621676,ENST00000621676.5,VPS11
ENSG00000095383,ENSG00000095383.20,ENST00000465784,ENST00000465784.7,TBC1D2
ENSG00000138834,ENSG00000138834.15,ENST00000610761,ENST00000610761.2,MAPK8IP3
ENSG00000106123,ENSG00000106123.12,ENST00000619012,ENST00000619012.4,EPHB6
ENSG00000184983,ENSG00000184983.11,ENST00000617763,ENST00000617763.1,NDUFA6
ENSG00000006062,ENSG00000006062.18,ENST00000376926,ENST00000376926.8,MAP3K14
ENSG00000140564,ENSG00000140564.13,ENST00000618099,ENST00000618099.4,FURIN
ENSG00000115756,ENSG00000115756.13,ENST00000620771,ENST00000620771.4,HPCAL1
ENSG00000243910,ENSG00000243910.8,ENST00000490341,ENST00000490341.3,TUBA4B
ENSG00000251322,ENSG00000251322.11,ENST00000445220,ENST00000445220.7,SHANK3
ENSG00000105443,ENSG00000105443.17,ENST00000641098,ENST00000641098.1,CYTH2
ENSG00000103494,ENSG00000103494.16,ENST00000647211,ENST00000647211.2,RPGRIP1L
ENSG00000162065,ENSG00000162065.14,ENST00000646147,ENST00000646147.1,TBC1D24
ENSG00000075624,ENSG00000075624.17,ENST00000646664,ENST00000646664.1,ACTB
ENSG00000286112,ENSG00000286112.1,ENST00000651925,ENST00000651925.1,
